<?xml version="1.0" encoding="UTF-8" standalone="yes"?>
<addon id="script.absolutetv.updater" name="AbsoluteTV Updater" version="1.0.2" provider-name="bbelectric">
    <requires>
        <import addon="xbmc.python" version="2.14.0"/>
        <import addon="xbmc.addon" version="12.0.0"/>
    </requires>
    <extension point="xbmc.python.script" library="default.py">
        <provides>executable</provides>
    </extension>
    <extension point="xbmc.addon.metadata">
        <language></language>
        <platform>all</platform>
    </extension>
</addon>
