<?xml version="1.0" encoding="UTF-8" standalone="yes"?>
<addon
  id="repository.bbelectric"
  name="queeup Add-ons"
  version="1.0.0"
  provider-name="bbelectric">
  <requires>
    <import addon="xbmc.addon"
            version="13.0.0"/>
  </requires>
  <extension point="xbmc.addon.repository"
             name="Official bbelectric's Add-on Repository">
    <info compressed="true">http://raw.github.com/bbelectric/xbmc.repo.bbelectric/master/addons.xml</info>
    <checksum>http://raw.github.com/bbelectric/xbmc.repo.bbelectric/master/addons.xml.md5</checksum>
    <datadir zip="true">http://raw.github.com/bbelectric/xbmc.repo.bbelectric/master/download</datadir>
    <hashes>false</hashes>
  </extension>
  <extension point="xbmc.addon.metadata">
    <summary lang="en">Install Add-ons from bbelectric's repository</summary>
    <description lang="en">Download and install add-ons from the official bbelectric's addon repository.</description>
    <platform>all</platform>
    <nofanart>true</nofanart>
  </extension>
</addon>